species	transcript_id	gene_id	chrom	strand	protein_len	aa	aa_start	aa_end	aa_len	codon_entropy	codon_gini_simpson	n_unique_codons	dna_len	obs_max_nt_homopolymer	obs_risky	random_expected_max_nt_homopolymer	p_random_risky	p_random_safe	random_expected_risky_count	dna_A_frac	dna_T_frac	dna_G_frac	dna_C_frac
Mycobacterium_tuberculosis	gene-Rv0050	NA	NC_000962.3	+	678	P	624	631	7	0.000000	0.000000	1	21	2	0	5.830000	0.090000	0.910000	0.090000	0.000000	0.000000	0.333333	0.666667
Mycobacterium_tuberculosis	gene-Rv0151c	NA	NC_000962.3	-	588	P	486	492	6	0.918296	0.444444	2	18	2	0	5.524000	0.074000	0.926000	0.074000	0.111111	0.000000	0.222222	0.666667
Mycobacterium_tuberculosis	gene-Rv0171	NA	NC_000962.3	+	515	P	358	364	6	0.918296	0.444444	2	18	2	0	5.632000	0.080000	0.920000	0.080000	0.111111	0.000000	0.222222	0.666667
Mycobacterium_tuberculosis	gene-Rv0280	NA	NC_000962.3	+	536	A	418	427	9	0.764205	0.345679	2	27	2	0	2.000000	0.000000	1.000000	0.000000	0.000000	0.000000	0.592593	0.407407
Mycobacterium_tuberculosis	gene-Rv0286	NA	NC_000962.3	+	513	A	392	399	7	1.148835	0.448980	3	21	2	0	2.000000	0.000000	1.000000	0.000000	0.047619	0.000000	0.571429	0.380952
Mycobacterium_tuberculosis	gene-Rv0305c	NA	NC_000962.3	-	963	A	184	190	6	1.792481	0.666667	4	18	2	0	2.000000	0.000000	1.000000	0.000000	0.055556	0.055556	0.388889	0.500000
Mycobacterium_tuberculosis	gene-Rv0312	NA	NC_000962.3	+	620	T	546	552	6	1.251629	0.500000	3	18	2	0	2.000000	0.000000	1.000000	0.000000	0.388889	0.000000	0.055556	0.555556
Mycobacterium_tuberculosis	gene-Rv0425c	NA	NC_000962.3	-	1539	A	1016	1023	7	1.950212	0.734694	4	21	2	0	2.000000	0.000000	1.000000	0.000000	0.047619	0.095238	0.428571	0.428571
Mycobacterium_tuberculosis	gene-Rv0497	NA	NC_000962.3	+	310	R	32	39	7	1.556657	0.653061	3	21	2	0	2.000000	0.000000	1.000000	0.000000	0.095238	0.000000	0.476190	0.428571
Mycobacterium_tuberculosis	gene-Rv0497	NA	NC_000962.3	+	310	A	196	202	6	1.459148	0.611111	3	18	2	0	2.000000	0.000000	1.000000	0.000000	0.055556	0.000000	0.500000	0.444444
Mycobacterium_tuberculosis	gene-Rv0532	NA	NC_000962.3	+	594	G	401	407	6	0.918296	0.444444	2	18	2	0	4.424000	0.020000	0.980000	0.020000	0.000000	0.111111	0.666667	0.222222
Mycobacterium_tuberculosis	gene-Rv0915c	NA	NC_000962.3	-	423	A	179	185	6	1.459148	0.611111	3	18	2	0	2.000000	0.000000	1.000000	0.000000	0.055556	0.000000	0.500000	0.444444
Mycobacterium_tuberculosis	gene-Rv0950c	NA	NC_000962.3	-	332	A	121	127	6	1.459148	0.611111	3	18	2	0	2.000000	0.000000	1.000000	0.000000	0.111111	0.000000	0.500000	0.388889
Mycobacterium_tuberculosis	gene-Rv1078	NA	NC_000962.3	+	240	P	11	18	7	1.842371	0.693878	4	21	5	0	5.962000	0.084000	0.916000	0.084000	0.095238	0.047619	0.142857	0.714286
Mycobacterium_tuberculosis	gene-Rv1078	NA	NC_000962.3	+	240	P	49	56	7	1.378783	0.571429	3	21	2	0	5.996000	0.098000	0.902000	0.098000	0.047619	0.095238	0.190476	0.666667
Mycobacterium_tuberculosis	gene-Rv1172c	NA	NC_000962.3	-	308	A	181	187	6	1.000000	0.500000	2	18	2	0	2.000000	0.000000	1.000000	0.000000	0.000000	0.000000	0.500000	0.500000
Mycobacterium_tuberculosis	gene-Rv1217c	NA	NC_000962.3	-	548	A	70	76	6	0.918296	0.444444	2	18	2	0	2.000000	0.000000	1.000000	0.000000	0.000000	0.000000	0.444444	0.555556
Mycobacterium_tuberculosis	gene-Rv1396c	NA	NC_000962.3	-	576	A	29	35	6	1.459148	0.611111	3	18	2	0	2.000000	0.000000	1.000000	0.000000	0.000000	0.055556	0.444444	0.500000
Mycobacterium_tuberculosis	gene-Rv1493	NA	NC_000962.3	+	750	A	34	40	6	1.000000	0.500000	2	18	2	0	1.998000	0.000000	1.000000	0.000000	0.000000	0.000000	0.500000	0.500000
Mycobacterium_tuberculosis	gene-Rv1611	NA	NC_000962.3	+	272	A	31	37	6	1.584963	0.666667	3	18	2	0	2.000000	0.000000	1.000000	0.000000	0.000000	0.111111	0.444444	0.444444
Mycobacterium_tuberculosis	gene-Rv1646	NA	NC_000962.3	+	310	A	27	33	6	1.251629	0.500000	3	18	2	0	2.000000	0.000000	1.000000	0.000000	0.000000	0.055556	0.555556	0.388889
Mycobacterium_tuberculosis	gene-Rv1743	NA	NC_000962.3	+	566	P	371	377	6	1.251629	0.500000	3	18	3	0	5.646000	0.088000	0.912000	0.088000	0.055556	0.000000	0.222222	0.722222
Mycobacterium_tuberculosis	gene-Rv1787	NA	NC_000962.3	+	365	A	89	96	7	1.378783	0.571429	3	21	2	0	2.000000	0.000000	1.000000	0.000000	0.000000	0.047619	0.523810	0.428571
Mycobacterium_tuberculosis	gene-Rv1790	NA	NC_000962.3	+	350	A	89	96	7	1.378783	0.571429	3	21	2	0	2.000000	0.000000	1.000000	0.000000	0.000000	0.047619	0.523810	0.428571
Mycobacterium_tuberculosis	gene-Rv2071c	NA	NC_000962.3	-	251	A	113	119	6	1.459148	0.611111	3	18	2	0	2.000000	0.000000	1.000000	0.000000	0.055556	0.000000	0.500000	0.444444
Mycobacterium_tuberculosis	gene-Rv2077A	NA	NC_000962.3	-	99	A	72	78	6	1.918296	0.722222	4	18	2	0	2.000000	0.000000	1.000000	0.000000	0.055556	0.111111	0.388889	0.444444
Mycobacterium_tuberculosis	gene-Rv2155c	NA	NC_000962.3	-	486	A	83	89	6	0.918296	0.444444	2	18	2	0	2.000000	0.000000	1.000000	0.000000	0.000000	0.000000	0.555556	0.444444
Mycobacterium_tuberculosis	gene-Rv2198c	NA	NC_000962.3	-	299	P	151	157	6	1.000000	0.500000	2	18	2	0	5.662000	0.096000	0.904000	0.096000	0.166667	0.000000	0.166667	0.666667
Mycobacterium_tuberculosis	gene-Rv2198c	NA	NC_000962.3	-	299	P	177	184	7	1.448816	0.612245	3	21	5	0	6.080000	0.100000	0.900000	0.100000	0.142857	0.000000	0.142857	0.714286
Mycobacterium_tuberculosis	gene-Rv2411c	NA	NC_000962.3	-	551	Q	539	548	9	0.991076	0.493827	2	27	2	0	1.946000	0.000000	1.000000	0.000000	0.481481	0.000000	0.185185	0.333333
Mycobacterium_tuberculosis	gene-Rv2444c	NA	NC_000962.3	-	953	R	229	238	9	1.891061	0.716049	4	27	2	0	2.000000	0.000000	1.000000	0.000000	0.037037	0.074074	0.444444	0.444444
Mycobacterium_tuberculosis	gene-Rv2500c	NA	NC_000962.3	-	394	T	1	7	6	1.918296	0.722222	4	18	2	0	2.000000	0.000000	1.000000	0.000000	0.444444	0.055556	0.111111	0.388889
Mycobacterium_tuberculosis	gene-Rv2520c	NA	NC_000962.3	-	75	V	62	68	6	0.918296	0.444444	2	18	2	0	1.990000	0.000000	1.000000	0.000000	0.000000	0.333333	0.444444	0.222222
Mycobacterium_tuberculosis	gene-Rv2553c	NA	NC_000962.3	-	417	V	51	57	6	0.650022	0.277778	2	18	2	0	1.988000	0.000000	1.000000	0.000000	0.000000	0.333333	0.611111	0.055556
Mycobacterium_tuberculosis	gene-Rv2646	NA	NC_000962.3	+	332	A	325	331	6	0.918296	0.444444	2	18	2	0	2.000000	0.000000	1.000000	0.000000	0.222222	0.000000	0.333333	0.444444
Mycobacterium_tuberculosis	gene-Rv2654c	NA	NC_000962.3	-	81	A	68	74	6	1.000000	0.500000	2	18	2	0	2.000000	0.000000	1.000000	0.000000	0.000000	0.000000	0.500000	0.500000
Mycobacterium_tuberculosis	gene-Rv2729c	NA	NC_000962.3	-	301	V	266	272	6	1.792481	0.666667	4	18	2	0	1.986000	0.000000	1.000000	0.000000	0.055556	0.388889	0.500000	0.055556
Mycobacterium_tuberculosis	gene-Rv2768c	NA	NC_000962.3	-	394	A	288	294	6	1.918296	0.722222	4	18	2	0	2.000000	0.000000	1.000000	0.000000	0.111111	0.111111	0.388889	0.388889
Mycobacterium_tuberculosis	gene-Rv2839c	NA	NC_000962.3	-	900	G	249	255	6	1.251629	0.500000	3	18	5	0	4.420000	0.024000	0.976000	0.024000	0.000000	0.055556	0.722222	0.222222
Mycobacterium_tuberculosis	gene-Rv2889c	NA	NC_000962.3	-	271	A	93	99	6	1.459148	0.611111	3	18	2	0	2.000000	0.000000	1.000000	0.000000	0.111111	0.055556	0.500000	0.333333
Mycobacterium_tuberculosis	gene-Rv2983	NA	NC_000962.3	+	214	A	66	73	7	1.378783	0.571429	3	21	2	0	2.000000	0.000000	1.000000	0.000000	0.000000	0.047619	0.523810	0.428571
Mycobacterium_tuberculosis	gene-Rv2994	NA	NC_000962.3	+	445	A	284	290	6	1.459148	0.611111	3	18	2	0	2.000000	0.000000	1.000000	0.000000	0.000000	0.055556	0.444444	0.500000
Mycobacterium_tuberculosis	gene-Rv3006	NA	NC_000962.3	+	373	P	48	54	6	1.459148	0.611111	3	18	8	0	5.588000	0.078000	0.922000	0.078000	0.000000	0.055556	0.166667	0.777778
Mycobacterium_tuberculosis	gene-Rv3062	NA	NC_000962.3	+	507	A	160	166	6	1.251629	0.500000	3	18	2	0	2.000000	0.000000	1.000000	0.000000	0.055556	0.000000	0.555556	0.388889
Mycobacterium_tuberculosis	gene-Rv3211	NA	NC_000962.3	+	527	R	505	514	9	1.435521	0.592593	3	27	2	0	2.000000	0.000000	1.000000	0.000000	0.074074	0.074074	0.333333	0.518519
Mycobacterium_tuberculosis	gene-Rv3240c	NA	NC_000962.3	-	949	A	855	863	8	1.298795	0.531250	3	24	2	0	2.000000	0.000000	1.000000	0.000000	0.041667	0.000000	0.416667	0.541667
Mycobacterium_tuberculosis	gene-Rv3333c	NA	NC_000962.3	-	281	P	226	232	6	1.251629	0.500000	3	18	5	0	5.516000	0.092000	0.908000	0.092000	0.055556	0.000000	0.222222	0.722222
Mycobacterium_tuberculosis	gene-Rv3333c	NA	NC_000962.3	-	281	G	254	260	6	0.918296	0.444444	2	18	2	0	4.430000	0.016000	0.984000	0.016000	0.000000	0.222222	0.666667	0.111111
Mycobacterium_tuberculosis	gene-Rv3394c	NA	NC_000962.3	-	527	A	18	24	6	0.918296	0.444444	2	18	2	0	2.000000	0.000000	1.000000	0.000000	0.000000	0.000000	0.555556	0.444444
Mycobacterium_tuberculosis	gene-Rv3433c	NA	NC_000962.3	-	473	A	430	436	6	0.918296	0.444444	2	18	2	0	2.000000	0.000000	1.000000	0.000000	0.000000	0.000000	0.555556	0.444444
Mycobacterium_tuberculosis	gene-Rv3494c	NA	NC_000962.3	-	564	P	493	499	6	0.918296	0.444444	2	18	2	0	5.798000	0.098000	0.902000	0.098000	0.111111	0.000000	0.222222	0.666667
Mycobacterium_tuberculosis	gene-Rv3532	NA	NC_000962.3	+	406	A	286	292	6	1.459148	0.611111	3	18	2	0	2.000000	0.000000	1.000000	0.000000	0.000000	0.111111	0.500000	0.388889
Mycobacterium_tuberculosis	gene-Rv3565	NA	NC_000962.3	+	388	A	50	56	6	0.918296	0.444444	2	18	2	0	2.000000	0.000000	1.000000	0.000000	0.000000	0.000000	0.444444	0.555556
Mycobacterium_tuberculosis	gene-Rv3657c	NA	NC_000962.3	-	191	A	144	150	6	1.000000	0.500000	2	18	2	0	2.000000	0.000000	1.000000	0.000000	0.000000	0.000000	0.500000	0.500000
Mycobacterium_tuberculosis	gene-Rv3669	NA	NC_000962.3	+	172	F	82	88	6	0.918296	0.444444	2	18	5	0	4.516000	0.028000	0.972000	0.028000	0.000000	0.777778	0.000000	0.222222
Mycobacterium_tuberculosis	gene-Rv3812	NA	NC_000962.3	+	504	A	110	116	6	1.459148	0.611111	3	18	2	0	2.000000	0.000000	1.000000	0.000000	0.000000	0.055556	0.444444	0.500000
Mycobacterium_tuberculosis	gene-Rv3876	NA	NC_000962.3	+	666	P	64	77	13	1.884314	0.710059	4	39	5	0	7.592000	0.220000	0.780000	0.220000	0.102564	0.051282	0.128205	0.717949
Mycobacterium_tuberculosis	gene-Rv3881c	NA	NC_000962.3	-	460	G	360	367	7	1.842371	0.693878	4	21	3	0	4.794000	0.028000	0.972000	0.028000	0.047619	0.095238	0.714286	0.142857
Mycobacterium_tuberculosis	gene-Rv3885c	NA	NC_000962.3	-	537	A	323	329	6	1.459148	0.611111	3	18	2	0	2.000000	0.000000	1.000000	0.000000	0.000000	0.055556	0.444444	0.500000
Mycobacterium_tuberculosis	gene-Rv3886c	NA	NC_000962.3	-	550	P	197	203	6	1.251629	0.500000	3	18	3	0	5.858000	0.080000	0.920000	0.080000	0.222222	0.000000	0.055556	0.722222
Mycobacterium_tuberculosis	gene-Rv3897c	NA	NC_000962.3	-	210	G	84	90	6	1.459148	0.611111	3	18	5	0	4.434000	0.016000	0.984000	0.016000	0.000000	0.111111	0.722222	0.166667
