gene-LOC1279880	1.11408
gene-LOC3291854	0.44287
gene-LOC5668164	1.001
gene-LOC1272920	1.01163
gene-LOC1272962	0.519004
gene-LOC3291504	0.634988
gene-LOC1272964	1.04058
gene-LOC1279573	0.486145
gene-LOC1275573	1.06383
gene-LOC1276650	1.01755
gene-LOC1272965	1.01616
gene-LOC3291232	1.02564
gene-LOC133392001	1.01786
gene-LOC1275576	0.742207
gene-LOC1276612	1.78999
gene-LOC1276380	1.01001
gene-LOC1272655	1.02041
gene-LOC4578479	1.1489
gene-LOC133392087	1.82749
gene-LOC1276697	1.17955
gene-LOC1276382	1.00705
gene-LOC1276342	1
gene-LOC1272343	0.908678
gene-LOC1272302	1.63164
gene-LOC4578127	1.02652
gene-LOC1276303	1.32617
gene-LOC1272070	1
gene-LOC1275268	1
gene-LOC1269750	0.435801
gene-LOC1269793	0.873235
gene-LOC1276389	1.01112
gene-LOC1276307	1.00705
gene-LOC1276033	1.03263
gene-LOC1272074	1.47869
gene-LOC1280863	0.842821
gene-LOC1276075	0.532481
gene-LOC1280864	0.543331
gene-LOC1280824	0.625
gene-LOC1269482	1.02354
gene-LOC1272078	0.486618
gene-LOC5666824	1
gene-LOC1269716	1.01652
gene-LOC1276079	0.522102
gene-LOC1280512	1.13482
gene-LOC1269402	0.510949
gene-LOC5666826	1.00221
gene-LOC5666829	1.00699
gene-LOC1280516	1
gene-LOC1280598	0.860338
gene-LOC133394704	1.02745
gene-LOC1277963	0.682594
gene-LOC3289990	0.524109
gene-LOC1269176	1
gene-LOC1269178	1
gene-LOC1277652	0.823874
gene-LOC1277926	1.00604
gene-LOC3289953	0.750268
gene-LOC11175970	0.518672
gene-LOC1273929	1.00017
gene-LOC1273614	1
gene-LOC3289681	1.00014
gene-LOC1277341	1.08085
gene-LOC11175933	0.863049
gene-LOC11175974	1.04058
gene-LOC3289999	0.474834
gene-LOC3289917	1.01576
gene-LOC1277384	2.18508
gene-LOC11175620	1.55744
gene-LOC1277071	0.921319
gene-LOC3289605	1.24392
gene-LOC1281860	1
gene-LOC3289647	1
gene-LOC3289606	0.818889
gene-LOC1277347	1.00908
gene-LOC1281820	1.10988
gene-LOC1277074	1.00746
gene-LOC1273389	1.01368
gene-LOC1281862	1
gene-LOC11175667	0.694659
gene-LOC1273035	0.801764
gene-LOC1277077	1.01215
gene-LOC5667551	1.03842
gene-LOC1281827	1.04566
gene-LOC1281595	0.554923
gene-LOC5667554	1.02881
gene-LOC5667596	0.786164
gene-LOC1281599	0.574416
gene-LOC1281559	1
gene-LOC1274964	0.890551
gene-LOC1281286	1.00664
gene-LOC1270650	1.06496
gene-LOC5667286	0.509165
gene-LOC1278966	1.03627
gene-LOC1274651	1.0352
gene-LOC1281207	1.00705
gene-LOC4576161	0.503018
gene-LOC4576120	0.68306
gene-LOC1278927	1.6476
gene-LOC3290667	0.620925
gene-LOC1271730	1
gene-LOC4577596	0.50813
gene-LOC1270695	1.00326
gene-LOC3290353	1.00589
gene-LOC1270380	0.536769
gene-LOC1274654	0.677874
gene-LOC133391163	1.02494
gene-LOC1281209	1.23163
gene-LOC1271772	0.710564
gene-LOC1270655	0.704639
gene-LOC133391164	1.0274
gene-LOC1278696	1.06368
gene-LOC1278342	0.510465
gene-LOC3290041	0.389505
gene-LOC1271734	0.509684
gene-LOC1278302	0.63012
gene-LOC1270617	1.01317
gene-LOC3290357	1
gene-LOC1270384	0.745805
gene-LOC1274343	1.03815
gene-LOC1271735	0.666667
gene-LOC1270659	1.00334
gene-LOC1278070	0.626566
gene-LOC3290399	1.07411
gene-LOC1270385	1
gene-LOC1274303	1.01902
gene-LOC1271422	0.511247
gene-LOC1270386	0.534759
gene-LOC1274071	0.501002
gene-LOC1274345	1.00301
gene-LOC1271190	0.504286
gene-LOC1270305	0.401284
gene-LOC1274346	1.74662
gene-LOC1271191	1.00578
gene-LOC1271739	1.08416
gene-LOC1270389	1.0142
gene-LOC1274308	1.00756
gene-LOC1271468	1.01923
gene-LOC3290009	0.493523
gene-LOC1278078	1.00604
gene-LOC1274078	1.01856
gene-LOC11176001	1.03128
gene-LOC1271118	1.51667
gene-LOC133392743	1.01523
gene-LOC133393862	1
gene-LOC3291975	1.00452
gene-LOC1279961	1.01388
gene-LOC11176005	1.05792
gene-LOC1279964	0.725338
gene-LOC11176007	0.515996
gene-LOC133393866	0.506073
gene-LOC133392789	1.84366
gene-LOC1268213	0.502008
gene-LOC11176049	1.27667
gene-LOC1279925	0.365809
gene-LOC133392709	1.87266
gene-LOC133393827	1.86012
gene-LOC1279967	1.00452
gene-LOC5668288	1.00957
gene-LOC133392120	1.02564
gene-LOC1268257	0.930975
gene-LOC1275612	1.00908
gene-LOC3291626	1.66141
gene-LOC5668249	1
gene-LOC133393282	1.01562
gene-LOC1275615	1.02881
gene-LOC1279698	1.05708
gene-LOC1279342	1.02442
gene-LOC4578202	1.00402
gene-LOC1276775	1.0661
gene-LOC1276734	0.803471
gene-LOC1272775	1.00966
gene-LOC1276735	1
gene-LOC133393245	0.517464
gene-LOC1276736	1.02775
gene-LOC1272463	0.513347
gene-LOC1279345	1
gene-LOC133393247	0.66346
gene-LOC133392129	1
gene-LOC3291004	0.932856
gene-LOC133393207	1.01729
gene-LOC1272191	0.645943
gene-LOC1272424	1.00806
gene-LOC1272150	1.221
gene-LOC1279348	1
gene-LOC3291047	1.00344
gene-LOC1272110	1.33857
gene-LOC5666980	1.00503
gene-LOC1272193	1.60751
gene-LOC1272152	0.501002
gene-LOC1280941	0.859845
gene-LOC1279076	0.604108
gene-LOC1279035	1
gene-LOC1276112	1.07181
gene-LOC1272427	0.608193
gene-LOC1280983	1.00705
gene-LOC1279077	0.471032
gene-LOC1280670	1.00402
gene-LOC1272156	0.652316
gene-LOC1272115	0.507614
gene-LOC1269835	0.491461
gene-LOC1280672	0.450755
gene-LOC1272117	1.01469
gene-LOC1269563	1
gene-LOC1269565	0.514403
gene-LOC1269839	1.00806
gene-LOC1280362	0.69707
gene-LOC3292662	1.03842
gene-LOC1269212	1
gene-LOC1269214	1.0016
gene-LOC1269296	1
gene-LOC1280367	0.49505
gene-LOC1280094	0.5
gene-LOC1280053	1.00908
gene-LOC1277772	0.485496
gene-LOC1269299	0.519751
gene-LOC1277773	2.08218
gene-LOC1280097	1.02049
gene-LOC1273460	1.686
gene-LOC1280099	0.381752
gene-LOC1277777	1.38504
gene-LOC1273778	1.001
gene-LOC133394287	1.0282
gene-LOC1273779	1.0005
gene-LOC1273424	0.59952
gene-LOC1277425	1
gene-LOC1277193	0.493827
gene-LOC1273468	1.0016
gene-LOC1277427	1
gene-LOC1273196	1.02041
gene-LOC1277115	0.612839
gene-LOC11175788	0.904602
gene-LOC1281671	0.505561
gene-LOC5667986	0.824478
gene-LOC1277158	1.02184
gene-LOC11175475	1.0015
gene-LOC5667672	0.558088
gene-LOC1281907	1.24844
gene-LOC4576821	1.01738
gene-LOC5667908	0.860585
gene-LOC1281320	1.06496
gene-LOC1281909	1.01047
gene-LOC5667320	0.607533
gene-LOC4577943	1.00368
gene-LOC1281364	1.00616
gene-LOC4577985	1.03734
gene-LOC3290701	0.510812
gene-LOC1281050	1.2147
gene-LOC1281010	1.00578
gene-LOC4576827	1.04112
gene-LOC5667367	0.577634
gene-LOC133391829	1.00402
gene-LOC1281094	0.505306
gene-LOC1270732	1.00503
gene-LOC1278773	1.24605
gene-LOC1270733	0.983856
gene-LOC1274774	1.00033
gene-LOC4576284	0.488998
gene-LOC3290433	1.0092
gene-LOC4577320	1.02249
gene-LOC3290161	1.00301
gene-LOC1271580	1.03413
gene-LOC1271895	0.467071
gene-LOC1270778	1
gene-LOC4576246	1.01107
gene-LOC1274463	0.517866
gene-LOC1271581	1
gene-LOC1271540	1.02459
gene-LOC1271896	0.603821
gene-LOC1271814	1.03413
gene-LOC5667059	1.04712
gene-LOC1278193	0.531915
gene-LOC1278112	1
gene-LOC1278153	1.01729
gene-LOC3290167	1
gene-LOC1274468	0.574713
gene-LOC3290169	1
gene-LOC1270115	0.499917
gene-LOC1270156	1.00301
gene-LOC1270197	0.503018
gene-LOC1270117	0.453721
gene-LOC133392861	1.1378
gene-LOC11176124	0.521376
gene-LOC133393942	1.00402
gene-LOC133392824	1.54799
gene-LOC133393983	1
gene-LOC133392866	1.002
gene-LOC133392826	1.00857
gene-LOC5668010	1.00705
gene-LOC133392869	1.01155
gene-LOC133393988	0.843526
gene-LOC5668367	1.01964
gene-LOC133392281	1.0015
gene-LOC133392240	0.647249
gene-LOC133393907	1.06526
gene-LOC3291473	0.530786
gene-LOC5668013	0.618142
gene-LOC5668096	1.0005
gene-LOC1275734	0.519615
gene-LOC3291475	1.001
gene-LOC133393678	1.00908
gene-LOC133392245	1.02145
gene-LOC1272540	1.001
gene-LOC3291478	1.007
gene-LOC1276500	1
gene-LOC1275779	0.747384
gene-LOC1272501	0.408163
gene-LOC4578366	1
gene-LOC4578051	0.571004
gene-LOC1272502	1
gene-LOC3291124	1.00808
gene-LOC4578011	1.00484
gene-LOC1276544	0.574006
gene-LOC1276270	0.765953
gene-LOC1272270	1.00192
gene-LOC133393328	1.00874
gene-LOC1275468	1.01317
gene-LOC1276545	1.0015
gene-LOC1272230	1.01017
gene-LOC133393014	1
gene-LOC1272505	0.459982
gene-LOC1279469	1.00414
gene-LOC133393096	1.14438
gene-LOC1275428	0.850109
gene-LOC1269910	0.710395
gene-LOC1276506	1
gene-LOC1276273	1
gene-LOC1275114	1.05597
gene-LOC1272548	1.06724
gene-LOC1279198	0.748503
gene-LOC1269994	1.02722
gene-LOC1272234	2.48733
gene-LOC1272509	1.03119
gene-LOC1269913	0.698129
gene-LOC1276236	1.01626
gene-LOC1269600	0.503525
gene-LOC1275119	1
gene-LOC5666791	0.471309
gene-LOC1269602	0.764359
gene-LOC133394940	1.01146
gene-LOC133390982	1.03842
gene-LOC5666753	0.524659
gene-LOC1280440	1.33333
gene-LOC1280796	0.458505
gene-LOC1269330	0.519751
gene-LOC133390944	0.511771
gene-LOC4575985	1.12812
gene-LOC1280759	1.02845
gene-LOC1269334	1.01781
gene-LOC5666759	1.20634
gene-LOC1277892	0.743689
gene-LOC1269337	1
gene-LOC1273893	1
gene-LOC1273811	1.77305
gene-LOC1277853	1.03066
gene-LOC1273894	0.453798
gene-LOC1280136	0.833719
gene-LOC1277814	1.00553
gene-LOC1273814	1.00226
gene-LOC1277541	0.476052
gene-LOC1273500	1.00334
gene-LOC133394010	0.784621
gene-LOC11175861	1.87512
gene-LOC11175862	1.15182
gene-LOC1273231	1.90223
gene-LOC1273232	1.00271
gene-LOC1277236	1.0158
gene-LOC11175512	1.02145
gene-LOC1273277	0.535906
gene-LOC1273237	0.458505
gene-LOC5667750	1.01215
gene-LOC1273278	1
gene-LOC11175514	1.03047
gene-LOC5667793	0.517063
gene-LOC133391940	1.00806
gene-LOC5667794	1
gene-LOC5667753	0.772391
gene-LOC5667754	1.05374
gene-LOC11175558	0.515996
gene-LOC1281715	0.499688
gene-LOC5667400	0.611995
gene-LOC1281757	1.00249
gene-LOC1281483	1.00959
gene-LOC133391904	0.43535
gene-LOC5667757	1.00301
gene-LOC1281443	1.00705
gene-LOC5667484	0.532481
gene-LOC1281485	1.23022
gene-LOC1281444	0.792105
gene-LOC1281171	1.00435
gene-LOC5667719	1.12638
gene-LOC1281172	0.488043
gene-LOC1270810	1.01781
gene-LOC5667487	0.592885
gene-LOC1270811	1.0218
gene-LOC133391909	0.450857
gene-LOC1278811	1
gene-LOC1270812	0.645682
gene-LOC1281134	0.722109
gene-LOC1270813	1.0034
gene-LOC1278895	1.03609
gene-LOC4576322	1.06863
gene-LOC5667408	0.483793
gene-LOC1270814	1
gene-LOC3290280	1.01112
gene-LOC4576638	0.486302
gene-LOC1274581	1.00955
gene-LOC1274583	1
gene-LOC1271660	0.741473
gene-LOC1274899	0.634317
gene-LOC1274858	0.424178
gene-LOC1278859	1.01807
gene-LOC4577404	1
gene-LOC4576053	1.61829
gene-LOC1271977	0.50025
gene-LOC1278230	1.00469
gene-LOC1270271	1.001
gene-LOC1274819	0.52687
gene-LOC1278819	1.22762
gene-LOC1278272	1.002
gene-LOC1270231	1.01471
gene-LOC1271664	1.01868
gene-LOC4576096	1.00654
gene-LOC1278273	2.06974
gene-LOC1270273	0.502008
gene-LOC1271665	1.23457
gene-LOC1270589	0.482703
gene-LOC1270507	1.00705
gene-LOC1274508	1.03788
gene-LOC1271667	1.00959
gene-LOC1274509	0.638213
gene-LOC1270277	0.5
gene-LOC1271355	0.514403
gene-LOC1278279	0.802439
gene-LOC1271082	1.01461
gene-LOC1274238	1.0073
gene-LOC1270239	0.489609
gene-LOC133392982	1
gene-LOC1271006	0.521921
gene-LOC5668170	1.02529
gene-LOC1279850	1
gene-LOC133393751	1.02026
gene-LOC5668130	1.02696
gene-LOC1275892	1
gene-LOC5668173	0.509684
gene-LOC5668174	1.01833
gene-LOC1279855	1.57109
gene-LOC133393483	1.06724
gene-LOC5668136	1.01678
gene-LOC4578401	1.17925
gene-LOC133393716	0.517063
gene-LOC1279856	0.432152
gene-LOC3291596	1.00402
gene-LOC3291200	1.00301
gene-LOC1279501	0.455249
gene-LOC5668178	1.01317
gene-LOC1272976	1.001
gene-LOC3291599	1.26781
gene-LOC1276621	1.12885
gene-LOC3291518	1.00402
gene-LOC1275545	0.735204
gene-LOC1276663	0.306373
gene-LOC1275819	1
gene-LOC1272978	0.689941
gene-LOC4578174	1.01516
gene-LOC1272391	1.00654
gene-LOC1275549	1
gene-LOC1276394	0.898817
gene-LOC1275236	1.001
gene-LOC1279236	1.28645
gene-LOC1272080	0.520021
gene-LOC133393179	0.367107
gene-LOC1279278	1.01031
gene-LOC1272315	1.001
gene-LOC1280871	0.457875
gene-LOC1276399	1.0101
gene-LOC1276318	0.609351
gene-LOC1272318	1.30301
gene-LOC1280874	0.534074
gene-LOC1272004	0.450746
gene-LOC1272045	0.939156
gene-LOC1269724	0.897143
gene-LOC5666833	2.00992
gene-LOC1269451	0.691519
gene-LOC1272088	0.443656
gene-LOC1269411	1.01999
gene-LOC1280878	1.01833
gene-LOC1272049	0.538006
gene-LOC1272008	0.506073
gene-LOC1280523	1.01795
gene-LOC1269769	1
gene-LOC1272009	1.01781
gene-LOC1269142	1.01061
gene-LOC1280252	0.502449
gene-LOC1277930	1.84413
gene-LOC1269416	1.02775
gene-LOC1280253	1.01232
gene-LOC1269499	0.515464
gene-LOC1269184	0.870428
gene-LOC1280257	1.12969
gene-LOC1277661	1
gene-LOC1277976	1
gene-LOC1273935	1
gene-LOC1280259	1
gene-LOC1277979	1.00427
gene-LOC11175981	1.00301
gene-LOC11175941	0.506073
gene-LOC3289925	1
gene-LOC1273351	0.511247
gene-LOC1273392	0.528541
gene-LOC1277392	0.515996
gene-LOC1273312	1.0216
gene-LOC1277080	1.03316
gene-LOC3289969	0.844737
gene-LOC11175904	1.03591
gene-LOC1273081	1.04473
gene-LOC11175989	1.01405
gene-LOC1273357	1.0154
gene-LOC11175633	1.01446
gene-LOC1277084	1.01471
gene-LOC1273317	1.31129
gene-LOC1277085	1.002
gene-LOC1277044	0.913533
gene-LOC1273003	1.00301
gene-LOC11175676	1.002
gene-LOC1273086	0.750328
gene-LOC1273007	0.877809
gene-LOC1273048	1
gene-LOC1281879	1.46103
gene-LOC3290943	1.00553
gene-LOC1270971	0.522739
gene-LOC5667525	1
gene-LOC1278931	1.001
gene-LOC5667567	1.53299
gene-LOC3290671	1.01892
gene-LOC1281527	0.431018
gene-LOC1274973	1.01902
gene-LOC1270974	0.567108
gene-LOC1278974	0.709388
gene-LOC1274933	1.07319
gene-LOC1281255	1.07434
gene-LOC5667296	1.00934
gene-LOC3290674	1.00503
gene-LOC1278620	1.002
gene-LOC1270935	0.886211
gene-LOC1270621	0.510204
gene-LOC1271780	1.33085
gene-LOC5667217	1.1489
gene-LOC4576172	1.12562
gene-LOC1270623	0.522466
gene-LOC1270979	1.00301
gene-LOC133391406	1.01937
gene-LOC4576132	0.465549
gene-LOC1278391	1.22926
gene-LOC4576133	1.00175
gene-LOC133391134	1.00503
gene-LOC4577293	0.548246
gene-LOC4576134	0.441112
gene-LOC3290010	1.02407
gene-LOC1274352	1.02433
gene-LOC1278312	1.00806
gene-LOC3290011	1.00452
gene-LOC1274668	1.00908
gene-LOC1274394	0.869691
gene-LOC1271787	0.728774
gene-LOC1271433	1.00288
gene-LOC3290329	0.504541
gene-LOC1271748	1.00031
gene-LOC1270398	1.0095
gene-LOC1274001	1.02145
gene-LOC1271475	1
gene-LOC4577258	0.534188
gene-LOC4577217	0.561514
gene-LOC1271120	1.002
gene-LOC1270399	1.01571
gene-LOC1274043	1
gene-LOC4577218	0.501756
gene-LOC1278318	0.726392
gene-LOC1274359	1.0077
gene-LOC1271122	1.0005
gene-LOC1271478	1.00234
gene-LOC1274089	1
gene-LOC1274049	1.00927
gene-LOC1274009	0.534188
gene-LOC11176093	1.0073
gene-LOC11176012	1.00351
gene-LOC5668291	0.588495
gene-LOC5668250	0.932389
gene-LOC11176095	1.00188
gene-LOC3291985	1.00301
gene-LOC1279930	1.69767
gene-LOC133392797	0.701262
gene-LOC3291672	0.451875
gene-LOC1279933	0.862111
gene-LOC133393876	1
gene-LOC1279934	0.591646
gene-LOC133393835	0.517598
gene-LOC133393836	1
gene-LOC3291909	0.579878
gene-LOC1279977	1.04058
gene-LOC1275662	1
gene-LOC1279978	0.502386
gene-LOC1275623	0.72692
gene-LOC1276782	1.32107
gene-LOC3291638	1
gene-LOC1279351	1.02749
gene-LOC1279310	1.00251
gene-LOC1276784	1
gene-LOC1272784	0.527148
gene-LOC1275311	0.492449
gene-LOC3291092	1
gene-LOC1276785	0.507614
gene-LOC1276744	0.43956
gene-LOC1276703	1.0142
gene-LOC133393213	1
gene-LOC133393295	0.816193
gene-LOC133393569	1.01163
gene-LOC1276745	1.37363
gene-LOC1279314	1.001
gene-LOC133393256	1.52532
gene-LOC1272707	0.487056
gene-LOC1276707	1.00321
gene-LOC133393258	1
gene-LOC1279001	1.0142
gene-LOC1279002	1.00234
gene-LOC1276476	1.01148
gene-LOC1276435	0.704457
gene-LOC1275084	0.623003
gene-LOC1280951	1
gene-LOC1279004	1
gene-LOC1276478	1
gene-LOC1279046	1.01027
gene-LOC1275046	1.01833
gene-LOC1279006	1.01971
gene-LOC1269884	0.728087
gene-LOC1276165	0.792928
gene-LOC1272439	1.03815
gene-LOC1272124	1.24875
gene-LOC1269570	1.04123
gene-LOC1269844	0.519931
gene-LOC1280955	0.451264
gene-LOC1269571	1.0015
gene-LOC1269845	0.847601
gene-LOC1272167	1.33333
gene-LOC1272126	0.503119
gene-LOC1269805	1.03896
gene-LOC1269574	1.00301
gene-LOC1269848	0.507099
gene-LOC1276129	1
gene-LOC1280918	1.00276
gene-LOC1269849	1
gene-LOC1280604	1.04384
gene-LOC1269578	0.945477
gene-LOC1280333	0.458295
gene-LOC1280374	1.63666
gene-LOC1269264	1.0142
gene-LOC1269539	1.00908
gene-LOC1280021	1.84022
gene-LOC1269269	1
gene-LOC1277743	0.662745
gene-LOC1277785	1.01249
gene-LOC1273785	0.728505
gene-LOC1277430	1.00351
gene-LOC1273746	0.795782
gene-LOC1277747	1
gene-LOC3292014	0.725719
gene-LOC1277789	1.59642
gene-LOC1273789	1.19796
gene-LOC1273433	0.830182
gene-LOC133394298	1.02609
gene-LOC1277475	1
gene-LOC11175751	1.00891
gene-LOC3292098	0.876469
gene-LOC1273435	1.03864
gene-LOC3292017	1.01963
gene-LOC1277162	1.01916
gene-LOC1273436	1.00503
gene-LOC1277478	1.03448
gene-LOC1273123	1.03986
gene-LOC1273124	1
gene-LOC1277125	1.76048
gene-LOC11175717	1
gene-LOC11175799	0.501505
gene-LOC1281955	0.734265
gene-LOC5667914	2.41503
gene-LOC11175718	1
gene-LOC5667641	0.450349
gene-LOC1281642	1.39687
gene-LOC1281686	0.705841
gene-LOC1281604	0.632045
gene-LOC11175449	1.01215
gene-LOC1281606	0.506586
gene-LOC1281332	2.36108
gene-LOC133391835	1.0142
gene-LOC1281689	0.500501
gene-LOC1281648	1.15484
gene-LOC4577995	1.06838
gene-LOC5667607	1.01449
gene-LOC1281608	1.02041
gene-LOC5667060	1.03681
gene-LOC1274740	1.00321
gene-LOC1278782	1.00705
gene-LOC1281023	1
gene-LOC1270742	1.01626
gene-LOC4576210	1.01249
gene-LOC1274701	1
gene-LOC1281338	1.002
gene-LOC1281024	1.19099
gene-LOC1270784	1.14969
gene-LOC3290401	0.66072
gene-LOC4577919	0.374532
gene-LOC1278785	0.621446
gene-LOC1278744	1
gene-LOC1270470	0.63184
gene-LOC133391527	1.01051
gene-LOC1270704	0.501002
gene-LOC4576255	0.521376
gene-LOC1271590	1.02472
gene-LOC1270747	1
gene-LOC1274788	0.460246
gene-LOC1274747	1.2221
gene-LOC1281029	1.001
gene-LOC1270161	1.00773
gene-LOC1270435	0.532198
gene-LOC4576219	0.443459
gene-LOC1274478	1.79759
gene-LOC1270478	1
gene-LOC1271242	1.01907
gene-LOC1271598	1.00604
gene-LOC1271557	1.54071
gene-LOC1271202	1.84049
gene-LOC1271204	0.496524
gene-LOC11176130	0.521195
gene-LOC11176131	1.03413
gene-LOC1271207	1.02663
gene-LOC1282060	1.00402
gene-LOC1275782	1.04167
gene-LOC1279741	0.55788
gene-LOC1279782	0.922509
gene-LOC133393999	1.01215
gene-LOC5668023	1.02669
gene-LOC133393603	1.50739
gene-LOC1279784	0.457038
gene-LOC1276821	0.776511
gene-LOC133392294	1
gene-LOC1275431	0.757959
gene-LOC1279787	0.524109
gene-LOC4397654	0.708516
gene-LOC1275473	0.788799
gene-LOC1276550	0.478469
gene-LOC133393649	0.505051
gene-LOC5668029	1.00705
gene-LOC133393061	1.44165
gene-LOC1276867	0.496894
gene-LOC4578021	1.01699
gene-LOC133393021	0.56444
gene-LOC1279477	1.0005
gene-LOC1279436	1
gene-LOC1276595	0.453968
gene-LOC133393024	1.06045
gene-LOC1276282	1.82787
gene-LOC1272241	0.447527
gene-LOC1279439	0.53113
gene-LOC1279165	1.00604
gene-LOC133393067	1.0101
gene-LOC1272517	1.02987
gene-LOC1275125	0.520698
gene-LOC1269690	1.00908
gene-LOC1276247	0.439947
gene-LOC1272247	1.01752
gene-LOC1269967	1.0445
gene-LOC1272289	1
gene-LOC1269612	1
gene-LOC1269694	1.00301
gene-LOC1269927	1.00175
gene-LOC133390991	1
gene-LOC1272249	1.01343
gene-LOC1269380	0.519751
gene-LOC1272209	0.503525
gene-LOC1269381	0.476758
gene-LOC1269697	2.28557
gene-LOC1280493	0.449236
gene-LOC1269698	0.712009
gene-LOC1269383	0.703037
gene-LOC1269617	1.01833
gene-LOC1269302	0.512821
gene-LOC5666767	0.813229
gene-LOC1280769	1.04712
gene-LOC1269030	1.03557
gene-LOC1277860	1.15154
gene-LOC1273860	0.630106
gene-LOC1269346	1.01061
gene-LOC1277820	1.20849
gene-LOC1280184	0.503018
gene-LOC1277821	0.768285
gene-LOC1277863	0.473934
gene-LOC1277864	1.59337
gene-LOC1269309	0.504286
gene-LOC133394374	1.02654
gene-LOC1277551	1
gene-LOC1277825	1
gene-LOC1280107	1.00647
gene-LOC1273552	1.7325
gene-LOC1277594	1.01317
gene-LOC3289894	1.00698
gene-LOC1273594	1.02076
gene-LOC1273828	1.00553
gene-LOC11175830	1.00806
gene-LOC1273829	0.537634
gene-LOC1273240	1.0395
gene-LOC133394024	1
gene-LOC1273283	1.001
gene-LOC1277284	1.03842
gene-LOC1273558	0.633714
gene-LOC1277559	0.464037
gene-LOC1273518	0.440529
gene-LOC11175562	0.851284
gene-LOC11175836	1.50376
gene-LOC1273519	0.454959
gene-LOC11175563	1.00402
gene-LOC1273247	0.528541
gene-LOC133391990	0.488281
gene-LOC5667720	1.01285
gene-LOC11175524	1.83423
gene-LOC1281721	1.03681
gene-LOC1273208	1.04493
gene-LOC1281722	1.1705
gene-LOC11175567	0.47259
gene-LOC133391952	1
gene-LOC1281726	1.00604
gene-LOC4576996	0.459982
gene-LOC1281494	1.00402
gene-LOC1281412	1.02987
gene-LOC4576641	0.510874
gene-LOC1281180	1.43802
gene-LOC5667180	1.00529
gene-LOC4576601	1.02529
gene-LOC1281414	0.512295
gene-LOC4577761	1.33333
gene-LOC1281497	0.70922
gene-LOC1270820	0.928505
gene-LOC1270861	1.00523
gene-LOC1270821	0.489093
gene-LOC4576330	0.867604
gene-LOC5667142	1.00604
gene-LOC1281102	0.931966
gene-LOC1278822	0.407751
gene-LOC4576688	1.0101
gene-LOC5667103	1.002
gene-LOC4576332	1.01343
gene-LOC5667459	0.494397
gene-LOC1274865	1.02855
gene-LOC1281146	1.0008
gene-LOC1271942	0.416971
gene-LOC5667105	1
gene-LOC1281106	1.03896
gene-LOC3290210	1
gene-LOC1274511	0.824448
gene-LOC1281107	1.0084
gene-LOC4576061	1.03591
gene-LOC1274868	1.1526
gene-LOC4577454	1
gene-LOC3290568	0.648719
gene-LOC1278281	0.370748
gene-LOC1271988	1.55473
gene-LOC4577100	1.001
gene-LOC1274282	0.539957
gene-LOC1271674	1.58781
gene-LOC1271909	0.715497
gene-LOC1270285	0.706215
gene-LOC1271677	1.07105
gene-LOC1274519	1.00925
gene-LOC1274206	0.478594
gene-LOC1278248	1.25762
gene-LOC1271010	1.02145
gene-LOC1271366	0.530223
gene-LOC1274289	1.00739
gene-LOC1271327	0.905304
gene-LOC1271054	1.00477
gene-LOC133392913	1.01317
gene-LOC133392914	1.01488
gene-LOC1268420	1.002
gene-LOC1271019	1.06724
gene-LOC1279860	0.472271
gene-LOC3291833	1.02987
gene-LOC5668415	0.521921
gene-LOC133392686	1.0305
gene-LOC3291876	1.01317
gene-LOC1272940	1.01626
gene-LOC3291879	0.423998
gene-LOC1279865	0.506842
gene-LOC1275591	1.79211
gene-LOC1276901	1.35685
gene-LOC1279551	1.04058
gene-LOC1279866	0.777739
gene-LOC133392060	1.03627
gene-LOC1279826	0.615053
gene-LOC1275511	0.427533
gene-LOC1276946	0.678857
gene-LOC133393100	0.503525
gene-LOC1275514	0.420698
gene-LOC133392064	0.439174
gene-LOC1275829	0.528541
gene-LOC3291255	0.749625
gene-LOC1276989	1.00806
gene-LOC1279283	1.01283
gene-LOC1279201	0.519211
gene-LOC1276634	0.693922
gene-LOC1272635	1.79865
gene-LOC133393459	1.01704
gene-LOC1279243	1.00999
gene-LOC133393186	1.01227
gene-LOC1279518	1.41163
gene-LOC1276677	1
gene-LOC1275286	0.491628
gene-LOC1272637	0.838252
gene-LOC1272322	0.510725
gene-LOC1272364	2.1245
gene-LOC1272090	1.001
gene-LOC1272365	0.419992
gene-LOC1276092	1
gene-LOC1272051	0.460458
gene-LOC1275249	0.33557
gene-LOC5666880	1.00705
gene-LOC1276053	1.002
gene-LOC5666840	1.00234
gene-LOC1280801	0.728686
gene-LOC1276369	0.592505
gene-LOC1272095	0.956023
gene-LOC5666883	0.623053
gene-LOC1272014	0.630716
gene-LOC1280844	0.734862
gene-LOC1272056	1.40551
gene-LOC1280804	1.00402
gene-LOC1269461	1.02328
gene-LOC1269735	0.62637
gene-LOC1272059	0.906689
gene-LOC1269423	0.528169
gene-LOC1269465	0.495295
gene-LOC1269191	0.644579
gene-LOC1280220	0.459242
gene-LOC1280536	0.633714
gene-LOC1280263	0.732064
gene-LOC1280223	0.428449
gene-LOC1280224	1.17556
gene-LOC1280225	1
gene-LOC1277670	1.0375
gene-LOC133394414	1.05513
gene-LOC3289973	1.00654
gene-LOC1273906	0.664011
gene-LOC3289974	1
gene-LOC1273633	1.01937
gene-LOC1277908	1.59847
gene-LOC3289975	1.002
gene-LOC1277360	1.00867
gene-LOC11175911	1.0395
gene-LOC133394459	1.02175
gene-LOC1277636	0.521558
gene-LOC133394105	0.520291
gene-LOC11175680	1.3713
gene-LOC3289663	1.14732
gene-LOC1273011	1.03022
gene-LOC1281881	2.05137
gene-LOC1273012	0.798802
gene-LOC1273053	0.992654
gene-LOC1281841	1
gene-LOC5667882	0.455166
gene-LOC1273013	0.732601
gene-LOC11175645	0.483325
gene-LOC11175646	1.37589
gene-LOC1281570	0.666924
gene-LOC1281886	0.721848
gene-LOC1273058	1.00281
gene-LOC5667805	1.00402
gene-LOC1281532	0.462107
gene-LOC1273019	1.002
gene-LOC1281848	1.04037
gene-LOC5667807	0.840013
gene-LOC1281808	1.03091
gene-LOC5667260	1.00908
gene-LOC5667534	1.01781
gene-LOC1281220	1.01087
gene-LOC5667575	0.760002
gene-LOC1274981	1.02442
gene-LOC3290954	1
gene-LOC1278982	0.489853
gene-LOC4576491	0.535236
gene-LOC1274982	1.00604
gene-LOC5667262	1.01574
gene-LOC4577884	1
gene-LOC1274983	1.00402
gene-LOC3290956	1.00067
gene-LOC1278943	1.00503
gene-LOC5667264	0.8413
gene-LOC1274984	1.001
gene-LOC1270670	0.75696
gene-LOC4576768	0.419992
gene-LOC4576494	1.0101
gene-LOC3290643	0.867684
gene-LOC133391728	1.00604
gene-LOC5667226	0.503728
gene-LOC3290919	1
gene-LOC1270946	1.02987
gene-LOC3290645	1.00756
gene-LOC1270632	1.00267
gene-LOC1281228	1
gene-LOC1270633	1.33333
gene-LOC4576183	1.01146
gene-LOC1281229	1.00528
gene-LOC1274949	0.732064
gene-LOC133391102	0.684619
gene-LOC133391103	1
gene-LOC133391418	1.14469
gene-LOC1271753	0.900901
gene-LOC1271712	0.77816
gene-LOC1270677	0.706614
gene-LOC1270678	0.527391
gene-LOC133391105	1.001
gene-LOC1271796	0.517598
gene-LOC1278090	0.647014
gene-LOC133395106	0.5
gene-LOC1271756	0.463285
gene-LOC1270639	1.0304
gene-LOC133391107	1.00402
gene-LOC1278325	1.00402
gene-LOC1270366	1.02501
gene-LOC1274051	1.01868
gene-LOC1274010	0.650759
gene-LOC1278093	1.00629
gene-LOC1270326	0.496278
gene-LOC1271171	1.02881
gene-LOC1274094	0.794439
gene-LOC1274053	1
gene-LOC3290068	1.02902
gene-LOC1274328	0.910966
gene-LOC3290069	0.74374
gene-LOC1270015	1.00604
gene-LOC1274056	0.487092
gene-LOC1271408	0.656814
gene-LOC3291910	1.02215
gene-LOC11176022	0.418235
gene-LOC3291994	1.02392
gene-LOC3291680	0.422476
gene-LOC1279941	1.0142
gene-LOC3291681	0.775881
gene-LOC3291640	0.875509
gene-LOC1279942	1.00503
gene-LOC4397850	1
gene-LOC133393886	1.07296
gene-LOC1279986	1.47444
gene-LOC1275671	0.859358
gene-LOC1275631	1.00402
gene-LOC1275905	1.00402
gene-LOC133393574	1.02529
gene-LOC5668227	1.06838
gene-LOC133392182	0.895255
gene-LOC1276710	1.13173
gene-LOC3291689	0.937207
gene-LOC3291375	0.455373
gene-LOC1276712	1.05843
gene-LOC133392144	1.02881
gene-LOC1276795	0.489237
gene-LOC1276713	1.36928
gene-LOC133392145	1.06724
gene-LOC1275678	1.00351
gene-LOC1276755	1.00402
gene-LOC1275090	1.04384
gene-LOC3291023	1.00282
gene-LOC1276799	1.56969
gene-LOC1276484	1.06185
gene-LOC1276443	1.01497
gene-LOC4578227	1
gene-LOC1279327	1.00402
gene-LOC1275094	0.449863
gene-LOC1272172	0.536152
gene-LOC1272405	1.0142
gene-LOC3291069	1.0006
gene-LOC1279014	1.03907
gene-LOC1272173	0.501253
gene-LOC3291029	1.65164
gene-LOC1269812	0.417641
gene-LOC1269853	2.09616
gene-LOC1276175	1.0101
gene-LOC1276134	0.489476
gene-LOC1272408	1.02564
gene-LOC5666963	1.00393
gene-LOC1279059	1.01989
gene-LOC1269581	1
gene-LOC1272178	1.00334
gene-LOC1280967	1
gene-LOC1272138	1
gene-LOC1269817	1
gene-LOC1269858	1.01232
gene-LOC5666967	1
gene-LOC1280695	1
gene-LOC133394882	1.02489
gene-LOC1280929	1
gene-LOC1269586	0.877886
gene-LOC1280341	1.03377
gene-LOC1280657	1.02828
gene-LOC1269547	0.662081
gene-LOC1280343	0.534188
gene-LOC1280070	1.04626
gene-LOC133394888	1.02654
gene-LOC1273750	0.451399
gene-LOC1277792	1.01112
gene-LOC1269279	1.00654
gene-LOC3289780	1.03455
gene-LOC1277441	0.434241
gene-LOC1273400	1.02249
gene-LOC3292023	0.571646
gene-LOC1273401	0.519211
gene-LOC1277401	0.511846
gene-LOC1273444	0.507099
gene-LOC1277130	0.511247
gene-LOC1281960	1.03199
gene-LOC1273174	1.00079
gene-LOC1277409	0.606091
gene-LOC11175495	2.06203
gene-LOC1281610	1.55828
gene-LOC1273179	1.00806
gene-LOC5667651	1.00301
gene-LOC1281652	1.04058
gene-LOC1281611	0.446628
gene-LOC1277139	1
gene-LOC1281694	0.847039
gene-LOC11175498	1.01645
gene-LOC4576841	1
gene-LOC133391843	0.583658
gene-LOC1281382	0.493502
gene-LOC133391885	1.00806
gene-LOC133391844	1.00857
gene-LOC133391886	1.00402
gene-LOC133391845	1.00976
gene-LOC1281658	0.632811
gene-LOC4577964	0.759446
gene-LOC5667343	1.01368
gene-LOC133391887	1.00705
gene-LOC133391846	1.02916
gene-LOC4576533	1.02249
gene-LOC5667071	1
gene-LOC133391889	1.009
gene-LOC1278750	1.01868
gene-LOC1281072	0.643426
gene-LOC5667305	1
gene-LOC1278792	1.01266
gene-LOC1278752	0.409082
gene-LOC1281033	1.01471
gene-LOC1281389	1.45424
gene-LOC1281308	1.1331
gene-LOC1270754	0.607165
gene-LOC4577929	0.430404
gene-LOC133391263	1.02987
gene-LOC1274713	0.514933
gene-LOC1271831	0.617284
gene-LOC3290413	1.00908
gene-LOC1270481	0.881163
gene-LOC4577616	1.40357
gene-LOC5667036	1.00705
gene-LOC1270798	1.04126
gene-LOC1274757	0.625913
gene-LOC1271834	0.849648
gene-LOC1271561	0.421941
gene-LOC1278759	0.509684
gene-LOC1270404	0.457373
gene-LOC1278486	0.722961
gene-LOC1271878	1
gene-LOC1271838	0.529381
gene-LOC1278173	0.502008
gene-LOC1271251	0.820129
gene-LOC4577034	1.02523
gene-LOC1270408	0.515464
gene-LOC1271567	0.523438
gene-LOC1271212	0.879718
gene-LOC1278135	0.518672
gene-LOC1278136	0.532481
gene-LOC1274136	1.01291
gene-LOC1271214	0.913103
gene-LOC1270179	1
gene-LOC1278139	1.42966
gene-LOC5668340	0.447628
gene-LOC5668381	1.00312
gene-LOC5668301	0.521921
gene-LOC133392887	1.001
gene-LOC133392846	1.01937
gene-LOC133393691	0.451671
gene-LOC5668303	1
gene-LOC5668304	1.00251
gene-LOC11176108	1.03424
gene-LOC5668072	1.01506
gene-LOC11176109	1
gene-LOC3291410	1.002
gene-LOC5668073	2.15033
gene-LOC3291411	0.945001
gene-LOC133393380	0.419326
gene-LOC1275712	1.00756
gene-LOC1279480	1.0062
gene-LOC1279795	1.02043
gene-LOC1276831	0.940902
gene-LOC1279754	0.950209
gene-LOC5668309	1.15101
gene-LOC133393341	0.616903
gene-LOC133393382	1.01538
gene-LOC1275714	1.00368
gene-LOC3291414	0.391287
gene-LOC1275482	0.525947
gene-LOC133393302	1.02953
gene-LOC1272520	0.457875
gene-LOC1275484	1
gene-LOC5668039	0.459982
gene-LOC1279485	1.0101
gene-LOC1276836	1.016
gene-LOC1276562	1.1335
gene-LOC3291459	0.481696
gene-LOC133393072	0.364166
gene-LOC1279446	1.05263
gene-LOC1275487	1
gene-LOC1276838	1.13533
gene-LOC1272290	1.00696
gene-LOC133393307	1.00969
gene-LOC3291105	0.505561
gene-LOC1279488	1.01061
gene-LOC1279174	1.04493
gene-LOC3291107	1
gene-LOC1276293	1.00894
gene-LOC1276568	1.04289
gene-LOC1272212	1.73491
gene-LOC1269973	0.68631
gene-LOC133393038	0.502008
gene-LOC1279137	1
gene-LOC1276296	0.664802
gene-LOC1279139	1
gene-LOC5666770	0.645838
gene-LOC1272257	1.00435
gene-LOC1269977	0.613874
gene-LOC1272258	1.00059
gene-LOC1269663	1.02987
gene-LOC1269978	1
gene-LOC1276218	1.06638
gene-LOC4575960	0.716332
gene-LOC1272219	0.503018
gene-LOC1269624	0.72263
gene-LOC1280421	1.00301
gene-LOC1269667	0.894783
gene-LOC5666735	1.71703
gene-LOC1269354	1.00351
gene-LOC5666778	1
gene-LOC133394925	1.02429
gene-LOC4575966	0.502513
gene-LOC1269314	1.01112
gene-LOC1280192	1.0142
gene-LOC1269315	0.901442
gene-LOC1273831	0.891493
gene-LOC1277873	1.01874
gene-LOC1273832	1.03093
gene-LOC1277833	0.464468
gene-LOC133394699	1.02594
gene-LOC1280158	0.646308
gene-LOC11175880	1.01729
gene-LOC3289865	1.02145
gene-LOC133394034	1.002
gene-LOC133394076	0.613685
gene-LOC1277253	0.765646
gene-LOC11175571	1.01112
gene-LOC1273213	0.462499
gene-LOC1273297	0.419287
gene-LOC1273257	1
gene-LOC11175807	1.02512
gene-LOC11175849	1.002
gene-LOC1277259	0.866396
gene-LOC11175536	1.00477
gene-LOC5667733	1.14694
gene-LOC11175537	0.732154
gene-LOC1281420	1.11163
gene-LOC133391964	0.778059
gene-LOC5667736	1.03205
gene-LOC5667421	0.495172
gene-LOC1281422	0.477897
gene-LOC4576925	0.45208
gene-LOC1281190	1.54216
gene-LOC1281423	0.681383
gene-LOC5667465	1.01902
gene-LOC4576969	0.802062
gene-LOC1270831	1.01833
gene-LOC1274831	1.07296
gene-LOC133391655	1.03413
gene-LOC1281194	1
gene-LOC1270873	1.00604
gene-LOC5667113	1
gene-LOC1271910	0.501505
gene-LOC1281196	1
gene-LOC1281429	1.0101
gene-LOC5667196	1.01266
gene-LOC5667114	1.001
gene-LOC1271993	1.02354
gene-LOC1271994	1.14515
gene-LOC133391030	1
gene-LOC5667116	1.03734
gene-LOC1278521	1.00186
gene-LOC1281199	1.01497
gene-LOC1271955	1.10489
gene-LOC1270838	0.943724
gene-LOC1270290	1.01833
gene-LOC1271915	0.512295
gene-LOC1271641	0.404531
gene-LOC1274565	1.00494
gene-LOC4577193	1.00705
gene-LOC1271684	1.00033
gene-LOC133391034	1.00756
gene-LOC1270211	1.00705
gene-LOC1271918	1
gene-LOC1271644	1.09279
gene-LOC3290267	1.01061
gene-LOC4577154	1
gene-LOC1278295	1.04493
gene-LOC1270254	1.0118
gene-LOC1271606	1.00469
gene-LOC1271647	0.515677
gene-LOC1274215	1
gene-LOC1271689	0.933707
gene-LOC133391039	0.641766
gene-LOC1278298	1.00604
gene-LOC1278216	1.00705
gene-LOC1270298	0.503525
gene-LOC4577117	0.839172
gene-LOC1274299	1
gene-LOC4577118	1.08225
gene-LOC1271337	0.516529
gene-LOC1274219	1.00503
gene-LOC1271065	0.457415
gene-LOC1271025	1.001
gene-LOC3291801	1
gene-LOC1279870	0.501002
gene-LOC5668151	0.740741
gene-LOC1275831	1.19856
gene-LOC133393734	1.44507
gene-LOC3291574	1.001
gene-LOC133393735	1.02643
gene-LOC1276993	0.887473
gene-LOC5668156	0.460617
gene-LOC1275836	0.82144
gene-LOC1272913	1.0089
gene-LOC1279563	1.01446
gene-LOC1276996	1.01061
gene-LOC1275837	1
gene-LOC1272996	1.01215
gene-LOC1275523	0.706807
gene-LOC4578192	0.514403
gene-LOC1276998	1.4518
gene-LOC3291265	1.00908
gene-LOC1272684	1.03119
gene-LOC1276686	1.40525
gene-LOC133392078	1
gene-LOC1276606	1.0142
gene-LOC1276689	0.666371
gene-LOC1276333	1.03152
gene-LOC1272608	1.00075
gene-LOC4578158	1.22843
gene-LOC4578117	1.01771
gene-LOC1276608	1.87146
gene-LOC1276060	0.697431
gene-LOC4578159	0.707685
gene-LOC1272061	1.00993
gene-LOC1279259	1.01317
gene-LOC1276336	1.002
gene-LOC1276378	1.03761
gene-LOC1280811	1.00503
gene-LOC1269701	0.50813
gene-LOC1276064	1.02041
gene-LOC5666810	1.00976
gene-LOC1272379	1.05668
gene-LOC1280812	1.0101
gene-LOC1280894	1.001
gene-LOC1269743	1
gene-LOC1276339	1.02354
gene-LOC1269703	0.762642
gene-LOC1272025	1.01398
gene-LOC1269745	1.00301
gene-LOC1269786	0.506358
gene-LOC5666813	0.783699
gene-LOC1269705	1.2335
gene-LOC5666814	1.00528
gene-LOC1280583	0.739417
gene-LOC1280543	1
gene-LOC1276029	0.418148
gene-LOC1280503	1.00025
gene-LOC1280585	1.01078
gene-LOC1280859	1
gene-LOC1269475	1
gene-LOC1280586	1.06975
gene-LOC1277951	0.504541
gene-LOC1280274	0.35461
gene-LOC133394461	1.02715
gene-LOC3292575	1.00806
gene-LOC1277995	1
gene-LOC1277681	0.394361
gene-LOC1273956	1.002
gene-LOC133394465	1.02609
gene-LOC133394110	1
gene-LOC1277998	0.468384
gene-LOC1273917	0.489416
gene-LOC3289903	0.796749
gene-LOC133394468	1.02339
gene-LOC1273646	0.516529
gene-LOC1277648	1.00462
gene-LOC11175965	0.504541
gene-LOC11175650	1.00301
gene-LOC11175651	1.00891
gene-LOC1273375	1.00705
gene-LOC11175611	1.03413
gene-LOC11175967	0.512821
gene-LOC11175693	1.0101
gene-LOC11175652	0.661923
gene-LOC1277021	0.403877
gene-LOC11175968	1.0101
gene-LOC1273021	1.01958
gene-LOC11175612	1.03334
gene-LOC1277336	1
gene-LOC5667850	1.45872
gene-LOC1277022	0.800714
gene-LOC1277378	1.01215
gene-LOC1281851	1.90337
gene-LOC1281810	1.34764
gene-LOC1281811	1.0101
gene-LOC11175616	1.09742
gene-LOC1281580	0.515198
gene-LOC1281896	1.00503
gene-LOC11175618	1.01719
gene-LOC1281897	0.456517
gene-LOC1281583	0.532198
gene-LOC4576730	1.01807
gene-LOC1281899	0.421023
gene-LOC4576731	1.00806
gene-LOC1281503	0.752559
gene-LOC4576732	0.68157
gene-LOC1281819	1.00604
gene-LOC1281545	0.4938
gene-LOC5667272	1.01112
gene-LOC4576420	0.50813
gene-LOC1281589	1.00503
gene-LOC1278912	0.778089
gene-LOC1274953	0.904233
gene-LOC1270954	1.00671
gene-LOC1270913	0.527983
gene-LOC3290653	0.64082
gene-LOC1270681	0.724638
gene-LOC4577582	1.02296
gene-LOC3290654	1.03896
gene-LOC1278915	1.01729
gene-LOC1270642	1
gene-LOC1281239	0.61298
gene-LOC1270644	0.508906
gene-LOC1270685	1.20192
gene-LOC1270959	0.92081
gene-LOC1274685	1.03434
gene-LOC4577230	1.00301
gene-LOC133391154	1.07411
gene-LOC3290304	1.53304
gene-LOC4576429	1.00229
gene-LOC1274687	1.0005
gene-LOC133391155	1
gene-LOC1271491	1.00959
gene-LOC1271724	1.33333
gene-LOC1270607	0.653381
gene-LOC1271410	1
gene-LOC3290306	1.00503
gene-LOC1271492	1.00629
gene-LOC1271411	0.623539
gene-LOC3290389	1.00402
gene-LOC133391117	1
gene-LOC1274334	1
gene-LOC1271767	1.00671
gene-LOC1271726	1.22624
gene-LOC1270609	1.0227
gene-LOC3290075	0.559806
gene-LOC1274062	1.00654
gene-LOC1271728	1
gene-LOC1278378	1
gene-LOC1271414	0.513347
gene-LOC1278063	0.544465
gene-LOC1270063	1.00908
gene-LOC1274378	1.16561
gene-LOC1270379	1.00189
gene-LOC1271459	1
gene-LOC1278027	0.717684
gene-LOC11176072	1.00806
gene-LOC11176031	1.01574
gene-LOC1271189	0.485044
gene-LOC1279990	1.002
gene-LOC11176074	0.721848
gene-LOC11176076	1.01523
gene-LOC5668232	1.41662
gene-LOC1275912	0.560247
gene-LOC11176037	1.00705
gene-LOC133393855	1
gene-LOC1279995	0.582272
gene-LOC1275680	0.937061
gene-LOC1275996	1
gene-LOC1279681	1.00469
gene-LOC133392738	1
gene-LOC133393856	1.03781
gene-LOC1268519	0.508388
gene-LOC1279600	1
gene-LOC1275601	1.02354
gene-LOC133393585	1.03199
gene-LOC133393272	0.651607
gene-LOC133393232	1.00604
gene-LOC1279687	1.03336
gene-LOC1279646	1.00167
gene-LOC4578232	1
gene-LOC1276724	1.0352
gene-LOC4578234	1.00301
gene-LOC1276766	0.758205
gene-LOC133392198	1
gene-LOC133393276	1.01215
gene-LOC1279020	1.14077
gene-LOC1276495	1.0101
gene-LOC1272454	1.00106
gene-LOC1279022	0.431344
gene-LOC1272181	1.14554
gene-LOC1272414	1.00517
gene-LOC1279024	1.0005
gene-LOC1269820	1.0005
gene-LOC1276101	0.87349
gene-LOC1280972	1.02041
gene-LOC1272417	1
gene-LOC1272143	1.02662
gene-LOC1280932	1.01508
gene-LOC1276418	1.03199
gene-LOC1275026	1
gene-LOC1272144	1.95404
gene-LOC1272103	1.01764
gene-LOC1269590	1
gene-LOC1269864	0.500835
gene-LOC1272145	0.633433
gene-LOC1272104	1.0101
gene-LOC1280934	1
gene-LOC1272105	1.00503
gene-LOC1280976	1.0002
gene-LOC1280662	0.903692
gene-LOC1272189	0.418585
gene-LOC1272148	4.00178
gene-LOC1280978	0.96432
gene-LOC1269594	1
gene-LOC5666936	1.21773
gene-LOC1280623	1
gene-LOC1280664	1
gene-LOC1280391	1
gene-LOC1280667	0.729973
gene-LOC1269516	1.07411
gene-LOC1269243	0.532481
gene-LOC1269285	0.846883
gene-LOC1269519	0.532682
gene-LOC1280082	1.19737
gene-LOC1280000	1.03284
gene-LOC1280001	1.20424
gene-LOC1280002	1.02512
gene-LOC133394504	1.02309
gene-LOC1277722	1.03146
gene-LOC133394587	1.02399
gene-LOC1280086	1.00604
gene-LOC3289790	0.601142
gene-LOC1277451	0.998668
gene-LOC1277492	1.0142
gene-LOC1273766	1.03627
gene-LOC1273451	1
gene-LOC1277410	1.00402
gene-LOC3289751	1.32066
gene-LOC1280049	1
gene-LOC1280008	1.00435
gene-LOC1273412	0.539374
gene-LOC1277495	2.127
gene-LOC1277455	0.502765
gene-LOC1277181	1.03164
gene-LOC11175731	1.01189
gene-LOC1273140	1.01297
gene-LOC1277182	1.06792
gene-LOC1273182	1.0158
gene-LOC1273415	0.518403
gene-LOC1273456	2.06897
gene-LOC3289716	1
gene-LOC1277184	0.842537
gene-LOC11175461	1.00536
gene-LOC1273186	1.00334
gene-LOC1273419	1.04094
gene-LOC1281933	1.0084
gene-LOC1277419	1.01833
gene-LOC1281660	0.906084
gene-LOC11175778	1.01582
gene-LOC1273147	0.443853
gene-LOC1273188	0.531915
gene-LOC1281976	0.504541
gene-LOC5667935	1
gene-LOC1277189	1.00739
gene-LOC5667661	1.02171
gene-LOC5667621	1.0057
gene-LOC1277109	0.60303
gene-LOC1281351	0.977604
gene-LOC5667392	0.77591
gene-LOC5667351	1.0404
gene-LOC5667625	1
gene-LOC5667352	1.01215
gene-LOC5667626	0.963938
gene-LOC1281627	1
gene-LOC4576500	1.02881
gene-LOC133391582	0.790514
gene-LOC1281315	1.01368
gene-LOC4577936	1.002
gene-LOC5667356	0.519841
gene-LOC1281357	1.0057
gene-LOC133391504	1.01833
gene-LOC1270763	0.408831
gene-LOC133391272	1.22429
gene-LOC4576272	1.69837
gene-LOC133391587	1.01215
gene-LOC1281318	0.632751
gene-LOC1271881	0.506073
gene-LOC3290737	0.725953
gene-LOC1281087	1.10518
gene-LOC1271801	1.01729
gene-LOC1281006	1.02564
gene-LOC5667046	1
gene-LOC1270767	1.5873
gene-LOC1274767	1.00664
gene-LOC1278411	0.521921
gene-LOC1278452	1.79538
gene-LOC1278767	1
gene-LOC1271845	0.502765
gene-LOC3290194	1.01567
gene-LOC4576278	0.462174
gene-LOC133391237	1.01471
gene-LOC1278415	1.01317
gene-LOC133391239	1.82149
gene-LOC1271533	1.01523
gene-LOC3290429	1.56937
gene-LOC1270101	1
gene-LOC1274183	1.10534
gene-LOC1271808	0.502597
gene-LOC1278143	0.461318
gene-LOC1270184	1.04248
gene-LOC3290116	0.410846
gene-LOC1278458	1.00334
gene-LOC1278459	1
gene-LOC1271263	0.502296
gene-LOC1278145	1
gene-LOC3290159	1
gene-LOC1274104	1.00143
gene-LOC1278189	0.695464
gene-LOC1270109	0.725426
gene-LOC1267513	0.396059
gene-LOC11176112	0.476644
gene-LOC133393935	0.525762
gene-LOC5668000	0.438885
gene-LOC1279763	0.485673
gene-LOC1276882	1.01833
gene-LOC1275764	1.01112
gene-LOC1272842	1.0395
gene-LOC5668046	1.03133
gene-LOC3291466	0.721154
gene-LOC1279726	0.465853
gene-LOC1279493	1.59574
gene-LOC1276570	0.725558
gene-LOC133392235	1.3412
gene-LOC5668007	1
gene-LOC1272804	1.00402
gene-LOC133393396	0.531915
gene-LOC3291112	0.523286
gene-LOC1279495	1.01215
gene-LOC133393042	1.91487
gene-LOC3291155	1.00402
gene-LOC1272533	1.01546
gene-LOC1279182	1.09337
gene-LOC4578357	1.02775
gene-LOC1279416	1.01112
gene-LOC1275416	0.494468
gene-LOC3291198	1.01885
gene-LOC133393085	1.01317
gene-LOC1275458	1.0247
gene-LOC1275417	0.672194
gene-LOC1276809	1.01362
gene-LOC4578045	0.4914
gene-LOC1276262	1.00301
gene-LOC1276221	0.425804
gene-LOC1269982	0.524109
gene-LOC1272222	0.855489
gene-LOC133393006	1.33333
gene-LOC133393047	0.527426
gene-LOC1269942	0.818576
gene-LOC1276538	1
gene-LOC1276224	1.63655
gene-LOC4578049	1.00908
gene-LOC1272267	0.660284
gene-LOC1272226	1.14725
gene-LOC5666780	1.02494
gene-LOC1269631	0.693481
gene-LOC1272268	0.487329
gene-LOC1280701	1.01112
gene-LOC1276228	0.662296
gene-LOC1280702	0.501505
gene-LOC1280470	2.41431
gene-LOC1280703	1
gene-LOC1269360	1.002
gene-LOC5666784	1.02041
gene-LOC133394931	1.02429
gene-LOC1280745	1.03788
gene-LOC1280431	0.512033
gene-LOC1280472	0.718276
gene-LOC1280787	1.00267
gene-LOC1280747	1.00301
gene-LOC5666787	1.01147
gene-LOC1269364	0.421941
gene-LOC5666747	1.73078
gene-LOC1269639	1.00742
gene-LOC1280477	1.01351
gene-LOC1273841	0.72479
gene-LOC1277801	1.03242
gene-LOC1269328	0.424628
gene-LOC1280124	0.736016
gene-LOC1277843	1
gene-LOC1273803	1.00503
gene-LOC133394312	1.02805
gene-LOC1280126	0.460664
gene-LOC1277805	1.00654
gene-LOC1277846	1.03093
gene-LOC1273887	0.456517
gene-LOC1273805	0.487924
gene-LOC1277534	1.01351
gene-LOC1277808	0.611621
gene-LOC1273849	0.522739
gene-LOC133394085	1.01317
gene-LOC1273220	0.438377
gene-LOC1277262	0.464253
gene-LOC11175580	1.01078
gene-LOC11175581	1.56994
gene-LOC11175815	1
gene-LOC1277225	1.26975
gene-LOC1273266	1.26195
gene-LOC1277267	0.804343
gene-LOC11175584	1
gene-LOC11175544	1.0213
gene-LOC1277269	1.02617
gene-LOC1281742	1.0079
gene-LOC5667701	0.517063
gene-LOC1281744	1.84682
gene-LOC1281787	0.852515
gene-LOC133391660	1.00435
gene-LOC1281788	0.489956
gene-LOC4576976	1.01609
gene-LOC5667707	0.718563
gene-LOC5667433	1.14155
gene-LOC1281749	0.758789
gene-LOC1281475	1.00604
gene-LOC5667160	2.11576
gene-LOC4576622	1.02354
gene-LOC1281709	1.03708
gene-LOC1281435	0.529661
gene-LOC1281122	1.0166
gene-LOC1270801	1.01317
gene-LOC1270842	0.832052
gene-LOC5667122	1.07527
gene-LOC3290856	0.934473
gene-LOC3290541	1
gene-LOC1281479	0.980392
gene-LOC1270802	1.00452
gene-LOC1278884	1.03681
gene-LOC1270884	1.001
gene-LOC1270844	0.481232
gene-LOC1278803	1.73889
gene-LOC1270845	0.945666
gene-LOC1274845	1
gene-LOC4577473	0.514933
gene-LOC1274572	1.00503
gene-LOC1270887	0.813155
gene-LOC1281127	1.57778
gene-LOC1271964	1.01317
gene-LOC1271923	1.0015
gene-LOC4577789	1.3224
gene-LOC3290272	0.501002
gene-LOC133395000	1.0273
gene-LOC1270807	0.810603
gene-LOC1278533	1
gene-LOC4576316	0.678601
gene-LOC133391083	1.06007
gene-LOC133395084	1
gene-LOC133391317	1.00705
gene-LOC4577120	0.878194
gene-LOC3290507	1.0603
gene-LOC4576002	1.01368
gene-LOC1271693	1.2639
gene-LOC133391318	1.03563
gene-LOC1271653	1.48898
gene-LOC1278222	0.458479
gene-LOC4576046	0.650407
gene-LOC1271929	1.00226
gene-LOC1271697	1.02923
gene-LOC1271656	1.01499
gene-LOC1271384	1.52718
gene-LOC4577128	2.16304
gene-LOC1271305	1.74158
gene-LOC1278228	1.00604
gene-LOC133392971	1.00629
gene-LOC1274229	0.969149
gene-LOC1271074	0.503018
gene-LOC1271307	1.01215
gene-LOC1271308	0.520833
